full_name	email	phone	address	skills	interests	subscription_status
Ali Ahmed	ali@example.com	123456789	Algiers, Algeria	Tennis, Swimming	Fitness, Running	paid
Ali Ahmed	ali@example.com	123456789	Algiers, Algeria	Tennis, Swimming	Fitness, Running	paid
Ali Ahmed	ali@example.com	123456789	Algiers, Algeria	Tennis, Swimming	Fitness, Running	paid
Ali Ahmed	ali@example.com	123456789	Algiers, Algeria	Tennis, Swimming	Fitness, Running	paid
Ali Ahmed	ali@example.com	123456789	Algiers, Algeria	Tennis, Swimming	Fitness, Running	paid
Yasmine A.	yasmine.a@example.com	550112233	Bouira	Running,Passing	Football,Teamwork	Paid
Sami D.	sami.d@example.com	550445566	Bouira	Swimming,Breathing	Piscine,Health	Pending
Nora H.	nora.h@example.com	550778899	Tizi Ouzou	Jumping,Dribbling	Basketball,Competition	Paid
Riad B.	riad.b@example.com	550667788	Boumerdes	Karate,Discipline	Martial Arts,Training	Paid
